	{

		"metadata": {
			"formatVersion" : 3.1,
			"generatedBy"   : "Blender 2.7 Exporter",
			"vertices"      : 8,
			"faces"         : 6,
			"normals"       : 8,
			"colors"        : 0,
			"uvs"           : [14],
			"materials"     : 0,
			"morphTargets"  : 0,
			"bones"         : 0
		},

			"scale" : 1.000000,
			
			"vertices" : [-1,-1,1,-1,-1,-1,1,-1,-1,1,-1,1,-1,1,1,-1,1,-1,1,1,-1,1,1,1],
			"faces"    : [41,1,0,4,5,0,1,2,3,0,1,2,3,41,5,6,2,1,4,5,6,0,3,4,5,0,41,6,7,3,2,7,8,9,6,4,6,7,5,41,0,3,7,4,1,9,10,11,1,7,6,2,41,0,1,2,3,1,0,6,9,1,0,5,7,41,7,6,5,4,10,12,13,11,6,4,3,2],
			"uvs"      : [[0.5,0.749957,0.5,0.5,0.749957,0.5,0.749957,0.749957,0.5,0.999913,0.250043,0.999913,0.250043,0.749957,8.7e-05,0.749957,8.7e-05,0.5,0.250043,0.5,0.250043,0.250043,0.5,0.250043,0.250043,8.7e-05,0.5,8.7e-05]],
			"normals"  : [-0.577349,-0.577349,-0.577349,-0.577349,-0.577349,0.577349,-0.577349,0.577349,0.577349,-0.577349,0.577349,-0.577349,0.577349,0.577349,-0.577349,0.577349,-0.577349,-0.577349,0.577349,0.577349,0.577349,0.577349,-0.577349,0.577349],
			
			"skinIndices"  : [],
			"skinWeights"  : [],
			"morphTargets" : [],
			
			"bones"      : [],
			"animations" : [],
			
			"colors"    : [],
			"materials" : [

			]


	}
