	{

		"metadata": {
			"formatVersion" : 3.1,
			"generatedBy"   : "Blender 2.7 Exporter",
			"vertices"      : 34,
			"faces"         : 16,
			"normals"       : 17,
			"colors"        : 0,
			"uvs"           : [34],
			"materials"     : 0,
			"morphTargets"  : 0,
			"bones"         : 0
		},

			"scale" : 1.000000,
			
			"vertices" : [0.705551,-0.0159,-0.705551,0.705551,0.0159,-0.705551,0.739321,-0.0159,-0.670081,0.739321,0.0159,-0.670081,0.77131,-0.0159,-0.632998,0.77131,0.0159,-0.632998,0.801441,-0.0159,-0.594389,0.801441,0.0159,-0.594389,0.82964,-0.0159,-0.554348,0.82964,0.0159,-0.554348,0.855842,-0.0159,-0.512972,0.855842,0.0159,-0.512972,0.879981,-0.0159,-0.470359,0.879981,0.0159,-0.470359,0.902001,-0.0159,-0.426614,0.902001,0.0159,-0.426614,0.921847,-0.0159,-0.381841,0.921847,0.0159,-0.381841,0.939473,-0.0159,-0.336148,0.939473,0.0159,-0.336148,0.954835,-0.0159,-0.289646,0.954835,0.0159,-0.289646,0.967897,-0.0159,-0.242445,0.967897,0.0159,-0.242445,0.978628,-0.0159,-0.194661,0.978628,0.0159,-0.194661,0.987,-0.0159,-0.146407,0.987,0.0159,-0.146407,0.992995,-0.0159,-0.0978011,0.992995,0.0159,-0.0978011,0.996598,-0.0159,-0.0489593,0.996598,0.0159,-0.0489593,0.9978,-0.0159,4.01993e-07,0.9978,0.0159,4.00603e-07],
			"faces"    : [41,0,2,3,1,0,1,2,3,0,1,1,0,41,2,4,5,3,1,4,5,2,1,2,2,1,41,4,6,7,5,4,6,7,5,2,3,3,2,41,6,8,9,7,6,8,9,7,3,4,4,3,41,8,10,11,9,8,10,11,9,4,5,5,4,41,10,12,13,11,10,12,13,11,5,6,6,5,41,12,14,15,13,12,14,15,13,6,7,7,6,41,14,16,17,15,14,16,17,15,7,8,8,7,41,16,18,19,17,16,18,19,17,8,9,9,8,41,18,20,21,19,18,20,21,19,9,10,10,9,41,20,22,23,21,20,22,23,21,10,11,11,10,41,22,24,25,23,22,24,25,23,11,12,12,11,41,24,26,27,25,24,26,27,25,12,13,13,12,41,26,28,29,27,26,28,29,27,13,14,14,13,41,28,30,31,29,28,30,31,29,14,15,15,14,41,30,32,33,31,30,32,33,31,15,16,16,15],
			"uvs"      : [[1,1,0.9376,1,0.9376,0,1,0,0.875,1,0.875,0,0.8126,1,0.8126,0,0.75,1,0.75,0,0.6874,1,0.6874,0,0.625,1,0.625,0,0.5624,1,0.5624,0,0.5,1,0.5,0,0.4376,1,0.4376,0,0.375,1,0.375,0,0.3126,1,0.3126,0,0.2502,1,0.2502,0,0.1874,1,0.1874,0,0.125,1,0.125,0,0.0624,1,0.0624,0,0,1,0,0]],
			"normals"  : [-0.724235,0,0.689535,-0.740928,0,0.671529,-0.773003,0,0.634388,-0.803186,0,0.595691,-0.831446,0,0.555559,-0.857723,0,0.514084,-0.881893,0,0.471389,-0.903989,0,0.427534,-0.923856,0,0.382672,-0.941527,0,0.336863,-0.956938,0,0.290262,-0.970031,0,0.242958,-0.980773,0,0.195074,-0.989166,0,0.146702,-0.995178,0,0.097995,-0.998779,0,0.049043,-0.999695,0,0.024537],
			
			"skinIndices"  : [],
			"skinWeights"  : [],
			"morphTargets" : [],
			
			"bones"      : [],
			"animations" : [],
			
			"colors"    : [],
			"materials" : [

			]


	}
