	{

		"metadata": {
			"formatVersion" : 3.1,
			"generatedBy"   : "Blender 2.7 Exporter",
			"vertices"      : 20,
			"faces"         : 12,
			"normals"       : 14,
			"colors"        : 0,
			"uvs"           : [20],
			"materials"     : 0,
			"morphTargets"  : 0,
			"bones"         : 0
		},

			"scale" : 1.000000,
			
			"vertices" : [0.980785,-0.0159,-0.19509,0.980785,0.0159,-0.19509,0.989177,-0.0159,-0.14673,0.989177,0.0159,-0.14673,0.995185,-0.0159,-0.0980168,0.995185,0.0159,-0.0980168,0.998795,-0.0159,-0.0490673,0.998795,0.0159,-0.0490673,1,-0.0159,4.02034e-07,1,0.0159,4.00644e-07,0.978628,-0.0159,-0.194661,0.978628,0.0159,-0.194661,0.987,-0.0159,-0.146407,0.987,0.0159,-0.146407,0.992995,-0.0159,-0.0978011,0.992995,0.0159,-0.0978011,0.996598,-0.0159,-0.0489593,0.996598,0.0159,-0.0489593,0.9978,-0.0159,4.01993e-07,0.9978,0.0159,4.00603e-07],
			"faces"    : [41,0,1,3,2,0,1,2,3,0,1,2,3,41,2,3,5,4,3,2,4,5,3,2,4,5,41,4,5,7,6,5,4,6,7,5,4,6,7,41,6,7,9,8,7,6,8,9,7,6,8,9,41,10,0,2,12,10,0,3,11,10,0,3,11,41,1,11,13,3,1,12,13,2,1,12,13,2,41,4,14,12,2,5,14,11,3,5,10,11,3,41,3,13,15,5,2,13,15,4,2,13,12,4,41,6,16,14,4,7,16,14,5,7,11,10,5,41,5,15,17,7,4,15,17,6,4,12,13,6,41,8,18,16,6,9,18,16,7,9,10,11,7,41,7,17,19,9,6,17,19,8,6,13,12,8],
			"uvs"      : [[0,0.947368,0,0.04386,0.250965,0.04386,0.250965,0.947368,0.5,0.04386,0.5,0.947368,0.749035,0.04386,0.749035,0.947368,1,0.04386,1,0.947368,0,0.991228,0.250965,0.991228,0,0,0.250965,0,0.5,0.991228,0.5,0,0.749035,0.991228,0.749035,0,1,0.991228,1,0]],
			"normals"  : [0.702139,-0.701498,-0.12183,0.702139,0.701498,-0.12183,0.704825,0.701621,-0.104526,0.704825,-0.701621,-0.104526,0.709098,0.701621,-0.069826,0.709098,-0.701621,-0.069826,0.711661,0.701621,-0.034944,0.711661,-0.701621,-0.034944,0.712424,0.701498,-0.017487,0.712424,-0.701498,-0.017487,0,-1,0,0,-0.999969,0,0,1,0,0,0.999969,0],
			
			"skinIndices"  : [],
			"skinWeights"  : [],
			"morphTargets" : [],
			
			"bones"      : [],
			"animations" : [],
			
			"colors"    : [],
			"materials" : [

			]


	}
