	{

		"metadata": {
			"formatVersion" : 3.1,
			"generatedBy"   : "Blender 2.7 Exporter",
			"vertices"      : 144,
			"faces"         : 167,
			"normals"       : 98,
			"colors"        : 0,
			"uvs"           : [],
			"materials"     : 1,
			"morphTargets"  : 0,
			"bones"         : 0
		},

			"scale" : 1.000000,
			
			"vertices" : [-0.919001,0.0177109,-0.28747,-0.919001,0.0177109,0.287535,0.00709253,0.017711,3.2538e-05,-0.919001,0.0912718,3.25299e-05,-0.927989,0.0177109,-0.28747,-0.927989,0.0177109,0.287535,-0.990906,0.0912718,3.25299e-05,-0.975344,0.0169185,-0.0356109,-0.975344,-0.00828528,-0.0251711,-0.975344,-0.0187249,3.25406e-05,-0.975344,-0.00828528,0.0252362,-0.975344,0.0169185,0.0356759,-0.975344,0.0421221,0.0252362,-0.975344,0.0525619,3.25355e-05,-0.975344,0.0421221,-0.0251711,-0.904058,0.0169185,3.25375e-05,-0.975344,0.0421221,0.120295,-0.975344,0.0525619,0.145498,-0.975344,0.0421221,0.170702,-0.975344,0.0169185,0.181142,-0.975344,-0.00828528,0.170702,-0.975344,-0.0187249,0.145498,-0.975344,-0.00828528,0.120295,-0.975344,0.0169185,0.109855,-0.960005,0.0169185,-0.145433,-0.975344,0.0421221,-0.170637,-0.975344,0.0525618,-0.145433,-0.975344,0.0421221,-0.12023,-0.975344,0.0169185,-0.10979,-0.975344,-0.00828529,-0.12023,-0.975344,-0.0187249,-0.145433,-0.975344,-0.00828529,-0.170637,-0.975344,0.0169185,-0.181077,-0.960005,0.0169185,3.25375e-05,-0.830912,0.014935,0.0785896,-0.830912,0.014935,-0.0785245,-0.678526,0.00894677,-0.0583079,-0.678526,0.00894678,0.058373,-0.932589,0.117793,0.0785896,-0.932589,0.117793,-0.0785245,-0.618017,0.0976919,-0.0583079,-0.618017,0.0976919,0.058373,-0.94429,0.12963,3.25326e-05,-0.830912,0.014935,3.25439e-05,-0.611054,0.107905,3.25336e-05,-0.678526,0.00894678,3.25407e-05,-0.887615,0.0140282,0.11805,-0.887615,0.0140282,-0.117985,-0.565194,0.0165155,-0.0876133,-0.565194,0.0165155,0.0876784,-0.956274,0.0985962,0.11805,-0.956274,0.0985962,-0.117985,-0.508125,0.0738517,-0.0876133,-0.508125,0.0738517,0.0876784,-0.964175,0.108328,3.25311e-05,-0.887615,0.0140282,3.25389e-05,-0.501557,0.0804499,3.25308e-05,-0.565194,0.0165155,3.25371e-05,-0.852093,0.201444,3.25656e-05,-0.92877,0.201444,3.25566e-05,-0.852093,0.191062,0.0873232,-0.92877,0.191062,0.0873232,-0.852093,0.170299,0.0873232,-0.92877,0.170299,0.0873232,-0.852093,0.159917,3.25372e-05,-0.92877,0.159917,3.25281e-05,-0.852093,0.170299,-0.0872581,-0.92877,0.170299,-0.0872581,-0.852093,0.191062,-0.0872581,-0.92877,0.191062,-0.0872581,-0.978579,0.0845304,-0.0176069,-0.978579,0.0845304,0.0176719,-0.849095,0.0975329,-0.0176069,-0.849095,0.0975329,0.0176719,-0.961443,0.187544,0.0118211,-0.961443,0.187544,-0.0117561,-0.871431,0.187544,-0.0117561,-0.871431,0.187544,0.0118211,-0.884787,0.225859,-0.0384005,-0.884787,0.225859,0.0384655,-0.856993,0.225859,0.0384655,-0.856993,0.225859,-0.0384005,-0.862543,0.224117,0.0191716,-0.862543,0.224117,-0.0191065,-0.898313,0.197365,-0.0191065,-0.898313,0.197365,0.0191715,-0.862543,0.185839,0.0191716,-0.862543,0.185839,-0.0191065,-0.900821,0.185839,-0.0191065,-0.900821,0.185839,0.0191716,-0.875194,0.200221,-0.0687899,-0.863293,0.209313,-0.0601432,-0.87974,0.209313,-0.0547991,-0.889905,0.209313,-0.0687899,-0.87974,0.209313,-0.0827807,-0.863293,0.209313,-0.0774366,-0.870649,0.224024,-0.0547991,-0.887096,0.224024,-0.0601432,-0.887096,0.224024,-0.0774366,-0.870649,0.224024,-0.0827807,-0.860483,0.224024,-0.0687899,-0.875194,0.233115,-0.0687899,-0.875194,0.200221,0.068855,-0.863293,0.209313,0.0775017,-0.87974,0.209313,0.0828458,-0.889905,0.209313,0.068855,-0.87974,0.209313,0.0548641,-0.863293,0.209313,0.0602082,-0.870649,0.224024,0.0828458,-0.887096,0.224024,0.0775017,-0.887096,0.224024,0.0602082,-0.870649,0.224024,0.0548641,-0.860483,0.224024,0.068855,-0.875194,0.233115,0.068855,-0.856993,0.222092,-0.0384005,-0.856993,0.222092,0.0384655,-0.884787,0.222092,0.0384655,-0.884787,0.222092,-0.0384005,-0.870287,0.213313,-0.0624421,-0.870287,0.213313,-0.074597,-0.891093,0.197752,-0.074597,-0.891093,0.197752,-0.0624421,-0.870287,0.191048,-0.0624421,-0.870287,0.191048,-0.074597,-0.892552,0.191048,-0.074597,-0.892552,0.191048,-0.0624421,-0.870287,0.213313,0.0747618,-0.870287,0.213313,0.0626069,-0.891093,0.197752,0.0626069,-0.891093,0.197752,0.0747618,-0.870287,0.191048,0.0747618,-0.870287,0.191048,0.0626069,-0.892552,0.191048,0.0626069,-0.892552,0.191048,0.0747618,-0.904058,0.0169185,-0.145433,-0.904058,0.0169185,0.145498,-0.960005,0.0169185,0.145498,-0.918673,0.00944338,-0.28747,-0.918673,-0.0641176,3.25524e-05,-0.918673,0.00944341,0.287535,0.00742018,0.00944339,3.25386e-05,-0.927661,0.00944338,-0.28747,-0.990578,-0.0641176,3.25524e-05,-0.927661,0.0094434,0.287535],