{
    "normals": [0,1,0,0.707083,0.707083,0,0.577349,0.577349,-0.577349,0,0.707083,-0.707083,-1,0,0,-0.707083,0,-0.707083,-0.999969,0,0,0,0,-1,0.707083,0,-0.707083,0,0,-0.999969,1,0,0,0.707083,0,0.707083,0,0,1,0.577349,0.577349,0.577349,0,0.707083,0.707083,-0.707083,0,0.707083,-0.577349,0.577349,0.577349,-0.577349,0.577349,-0.577349,-0.707083,0.707083,0,0,0.999969,0],
    "name": "CubeGeometry.1",
    "uvs": [],
    "materials": [{
        "colorDiffuse": [0.033357,0.64,0.380557],
        "visible": true,
        "specularCoef": 50,
        "transparent": false,
        "wireframe": false,
        "DbgName": "Material",
        "depthWrite": true,
        "colorSpecular": [0.5,0.5,0.5],
        "blending": "NormalBlending",
        "colorAmbient": [0.033357,0.64,0.380557],
        "colorEmissive": [0,0,0],
        "DbgColor": 15658734,
        "DbgIndex": 0,
        "depthTest": true,
        "opacity": 1,
        "shading": "lambert"
    }],
    "metadata": {
        "normals": 20,
        "generator": "io_three",
        "uvs": 0,
        "type": "Geometry",
        "version": 3,
        "materials": 1,
        "faces": 28,
        "vertices": 52
    },
    "faces": [35,51,18,2,15,0,0,1,2,3,35,47,17,5,25,0,4,5,5,6,35,43,21,6,29,0,7,8,8,9,35,39,23,7,31,0,10,11,11,10,35,35,22,3,11,0,12,11,13,14,35,27,7,23,33,0,12,11,11,12,35,33,23,22,35,0,12,11,11,12,35,4,26,32,13,0,15,12,12,15,35,13,32,34,12,0,15,12,12,15,35,10,0,12,34,0,14,16,15,12,35,19,3,22,37,0,1,13,11,10,35,37,22,23,39,0,10,11,11,10,35,2,18,36,20,0,2,1,10,8,35,20,36,38,21,0,8,10,10,8,35,21,38,30,6,0,8,10,10,8,35,15,2,20,41,0,3,2,8,7,35,41,20,21,43,0,7,8,8,7,35,1,14,40,16,0,17,3,7,5,35,16,40,42,17,0,5,7,7,5,35,17,42,28,5,0,5,7,7,5,35,9,1,16,45,0,18,17,5,4,35,45,16,17,47,0,4,5,5,4,35,0,8,44,12,0,16,18,6,15,35,12,44,46,13,0,15,6,4,15,35,13,46,24,4,0,15,4,6,15,35,11,3,19,49,0,14,13,1,0,35,0,10,48,8,0,16,14,19,18,35,9,50,14,1,0,18,0,3,17],
    "vertices": [1,-0,-1,1,0,1,-1,0,1,-1,-0,-1,1,0.25,-0.999999,0.999999,0.25,1,-1,0.25,1,-1,0.25,-1,1,-0,-0.333333,1,0,0.333333,0.333333,-0,-1,-0.333333,-0,-1,1,0.083333,-1,1,0.166667,-1,0.333333,0,1,-0.333333,0,1,1,0.083333,1,1,0.166667,1,-1,0,0.333333,-1,-0,-0.333334,-1,0.083333,1,-1,0.166667,1,-1,0.083333,-1,-1,0.166667,-1,1,0.25,-0.333333,1,0.25,0.333334,0.333334,0.25,-1,-0.333333,0.25,-1,0.333333,0.25,1,-0.333334,0.25,1,-1,0.25,0.333333,-1,0.25,-0.333333,0.333334,0.166667,-1,-0.333333,0.166667,-1,0.333333,0.083333,-1,-0.333333,0.083333,-1,-1,0.083333,0.333333,-1,0.083333,-0.333334,-1,0.166667,0.333333,-1,0.166667,-0.333334,0.333333,0.083333,1,-0.333334,0.083333,1,0.333333,0.166667,1,-0.333334,0.166667,1,1,0.083333,-0.333333,1,0.083333,0.333334,1,0.166667,-0.333333,1,0.166667,0.333334,0.333333,-0,-0.333333,-0.333333,-0,-0.333334,0.333333,0,0.333333,-0.333333,0,0.333333]
}