	{

		"metadata": {
			"formatVersion" : 3.1,
			"generatedBy"   : "Blender 2.7 Exporter",
			"vertices"      : 84,
			"faces"         : 96,
			"normals"       : 84,
			"colors"        : 0,
			"uvs"           : [],
			"materials"     : 1,
			"morphTargets"  : 2,
			"bones"         : 3
		},

			"scale" : 1.000000,
			
			"vertices" : [-0.682147,2.83035,-1.25581e-07,-1.26044,2.44394,-1.08691e-07,-1.18314,1.78542,-7.9906e-08,-0.941127,1.31821,-6.22775e-08,-0.874251,0.880862,-4.12977e-08,-0.703137,0.536028,-2.34305e-08,-0.382683,0.314839,-1.37621e-08,-0.482351,2.83035,-0.482351,-0.891268,2.44394,-0.891268,-0.836605,1.78542,-0.836605,-0.665477,1.31821,-0.665477,-0.618189,0.880862,-0.618189,-0.497193,0.536028,-0.497193,-0.270598,0.314839,-0.270598,-1.30385e-07,2.83035,-0.682147,-1.56462e-07,2.44394,-1.26044,-1.63913e-07,1.78542,-1.18314,-1.39698e-07,1.31821,-0.941127,-1.65775e-07,0.880862,-0.874251,-1.63913e-07,0.536028,-0.703137,-1.49012e-07,0.314839,-0.382683,-3.241e-07,2.96604,5.84776e-08,0.482351,2.83035,-0.482351,0.891268,2.44394,-0.891268,0.836605,1.78542,-0.836605,0.665477,1.31821,-0.665477,0.618188,0.880862,-0.618189,0.497193,0.536028,-0.497193,0.270598,0.314839,-0.270598,0.682147,2.83035,-1.47933e-07,1.26044,2.44394,-1.31042e-07,1.18314,1.78542,-1.33923e-07,0.941126,1.31821,-7.34534e-08,0.87425,0.880862,-8.04132e-08,0.703137,0.536028,-3.6469e-08,0.382683,0.314839,-2.58693e-08,-1.50874e-07,0.238719,-1.04347e-08,0.482351,2.83035,0.482351,0.891268,2.44394,0.891268,0.836605,1.78542,0.836605,0.665477,1.31821,0.665477,0.618188,0.880862,0.618188,0.497193,0.536028,0.497193,0.270598,0.314839,0.270598,-1.56462e-07,2.83035,0.682147,-1.56462e-07,2.44394,1.26044,-8.75443e-08,1.78542,1.18314,-1.67638e-07,1.31821,0.941126,-1.09896e-07,0.880862,0.87425,-1.63913e-07,0.536028,0.703137,-1.63913e-07,0.314839,0.382683,-0.482351,2.83035,0.482351,-0.891268,2.44394,0.891268,-0.836605,1.78542,0.836605,-0.665477,1.31821,0.665477,-0.618188,0.880862,0.618188,-0.497193,0.536028,0.497193,-0.270598,0.314839,0.270598,-0.536705,4.29769,0.0274157,-0.631731,3.7884,-8.20289e-09,-0.536705,3.2517,1.52572e-08,-2.57045e-07,3.07938,-0.0685394,-0.379508,4.39928,-0.380133,-0.536705,3.8709,-0.551645,-0.379508,3.44361,-0.461755,-2.58908e-07,4.4235,-0.535454,-2.81259e-07,3.91128,-0.770257,-2.58908e-07,3.44361,-0.618952,0.379507,4.39928,-0.380133,0.536704,3.8709,-0.551645,0.379507,3.44361,-0.461755,0.536704,4.29769,0.0274157,0.63173,3.7884,-9.13422e-09,0.536704,3.2517,-8.95717e-09,0.379507,4.27028,0.48917,0.536704,3.48245,0.536704,0.379507,3.2517,0.519414,-2.58908e-07,4.27028,0.660075,-2.81259e-07,3.48245,0.759015,-2.58908e-07,3.2517,0.676611,-3.03611e-07,4.54742,0.0822473,-0.379508,4.27028,0.48917,-0.536705,3.48245,0.536704,-0.379508,3.2517,0.519414],
			"faces"    : [35,6,5,12,13,0,0,1,2,3,35,5,4,11,12,0,1,4,5,2,35,4,3,10,11,0,4,6,7,5,35,3,2,9,10,0,6,8,9,7,35,2,1,8,9,0,8,10,11,9,35,1,0,7,8,0,10,12,13,11,35,13,12,19,20,0,3,2,14,15,35,12,11,18,19,0,2,5,16,14,35,11,10,17,18,0,5,7,17,16,35,10,9,16,17,0,7,9,18,17,35,9,8,15,16,0,9,11,19,18,35,8,7,14,15,0,11,13,20,19,35,20,19,27,28,0,15,14,21,22,35,19,18,26,27,0,14,16,23,21,35,18,17,25,26,0,16,17,24,23,35,17,16,24,25,0,17,18,25,24,35,16,15,23,24,0,18,19,26,25,35,15,14,22,23,0,19,20,27,26,35,28,27,34,35,0,22,21,28,29,35,27,26,33,34,0,21,23,30,28,35,26,25,32,33,0,23,24,31,30,35,25,24,31,32,0,24,25,32,31,35,24,23,30,31,0,25,26,33,32,35,23,22,29,30,0,26,27,34,33,35,35,34,42,43,0,29,28,35,36,35,34,33,41,42,0,28,30,37,35,35,33,32,40,41,0,30,31,38,37,35,32,31,39,40,0,31,32,39,38,35,31,30,38,39,0,32,33,40,39,35,30,29,37,38,0,33,34,41,40,35,43,42,49,50,0,36,35,42,43,35,42,41,48,49,0,35,37,44,42,35,41,40,47,48,0,37,38,45,44,35,40,39,46,47,0,38,39,46,45,35,39,38,45,46,0,39,40,47,46,35,38,37,44,45,0,40,41,48,47,35,50,49,56,57,0,43,42,49,50,35,49,48,55,56,0,42,44,51,49,35,48,47,54,55,0,44,45,52,51,35,47,46,53,54,0,45,46,53,52,35,46,45,52,53,0,46,47,54,53,35,45,44,51,52,0,47,48,55,54,34,36,6,13,0,56,0,3,34,0,21,7,0,12,57,13,34,36,13,20,0,56,3,15,34,7,21,14,0,13,57,20,34,36,20,28,0,56,15,22,34,14,21,22,0,20,57,27,34,36,28,35,0,56,22,29,34,22,21,29,0,27,57,34,34,36,35,43,0,56,29,36,34,29,21,37,0,34,57,41,34,36,43,50,0,56,36,43,34,37,21,44,0,41,57,48,34,36,50,57,0,56,43,50,34,44,21,51,0,48,57,55,34,36,57,6,0,56,50,0,35,57,56,5,6,0,50,49,1,0,35,56,55,4,5,0,49,51,4,1,35,55,54,3,4,0,51,52,6,4,35,54,53,2,3,0,52,53,8,6,35,53,52,1,2,0,53,54,10,8,35,0,1,52,51,0,12,10,54,55,34,51,21,0,0,55,57,12,35,60,59,63,64,0,58,59,60,61,35,59,58,62,63,0,59,62,63,60,35,64,63,66,67,0,61,60,64,65,35,63,62,65,66,0,60,63,66,64,35,67,66,69,70,0,65,64,67,68,35,66,65,68,69,0,64,66,69,67,35,70,69,72,73,0,68,67,70,71,35,69,68,71,72,0,67,69,72,70,35,73,72,75,76,0,71,70,73,74,35,72,71,74,75,0,70,72,75,73,35,76,75,78,79,0,74,73,76,77,35,75,74,77,78,0,73,75,78,76,35,79,78,82,83,0,77,76,79,80,35,78,77,81,82,0,76,78,81,79,34,61,60,64,0,82,58,61,34,58,80,62,0,62,83,63,34,61,64,67,0,82,61,65,34,62,80,65,0,63,83,66,34,61,67,70,0,82,65,68,34,65,80,68,0,66,83,69,34,61,70,73,0,82,68,71,34,68,80,71,0,69,83,72,34,61,73,76,0,82,71,74,34,71,80,74,0,72,83,75,34,61,76,79,0,82,74,77,34,74,80,77,0,75,83,78,34,61,79,83,0,82,77,80,34,77,80,81,0,78,83,81,34,61,83,60,0,82,80,58,35,83,82,59,60,0,80,79,59,58,35,82,81,58,59,0,79,81,62,59,34,81,80,58,0,81,83,62],
			"uvs"      : [],
			"normals"  : [-0.430677,-0.902493,0,-0.780114,-0.625599,0,-0.551622,-0.625599,-0.551622,-0.304544,-0.902493,-0.304544,-0.956664,-0.291116,0,-0.676473,-0.291116,-0.676473,-0.946715,-0.32197,0,-0.669424,-0.32197,-0.669424,-0.959563,-0.281442,0,-0.678518,-0.281442,-0.678518,-0.926115,0.377178,0,-0.654866,0.377178,-0.654866,-0.422559,0.906308,0,-0.298807,0.906308,-0.298807,0,-0.625599,-0.780114,0,-0.902493,-0.430677,0,-0.291116,-0.956664,0,-0.32197,-0.946715,0,-0.281442,-0.959563,0,0.377178,-0.926115,0,0.906308,-0.422559,0.551622,-0.625599,-0.551622,0.304544,-0.902493,-0.304544,0.676473,-0.291116,-0.676473,0.669424,-0.32197,-0.669424,0.678518,-0.281442,-0.678518,0.654866,0.377178,-0.654866,0.298807,0.906308,-0.298807,0.780114,-0.625599,0,0.430677,-0.902493,0,0.956664,-0.291116,0,0.946715,-0.32197,0,0.959563,-0.281442,0,0.926115,0.377178,0,0.422559,0.906308,0,0.551622,-0.625599,0.551622,0.304544,-0.902493,0.304544,0.676473,-0.291116,0.676473,0.669424,-0.32197,0.669424,0.678518,-0.281442,0.678518,0.654866,0.377178,0.654866,0.298807,0.906308,0.298807,0,-0.625599,0.780114,0,-0.902493,0.430677,0,-0.291116,0.956664,0,-0.32197,0.946715,0,-0.281442,0.959563,0,0.377178,0.926115,0,0.906308,0.422559,-0.551622,-0.625599,0.551622,-0.304544,-0.902493,0.304544,-0.676473,-0.291116,0.676473,-0.669424,-0.32197,0.669424,-0.678518,-0.281442,0.678518,-0.654866,0.377178,0.654866,-0.298807,0.906308,0.298807,0,-1,0,0,1,0,-0.727134,-0.674306,-0.128605,-0.999939,-0.002869,-0.00998,-0.757622,0.0318,-0.651875,-0.568194,-0.54207,-0.619098,-0.818567,0.568072,0.084964,-0.580584,0.702139,-0.412183,0,0.061495,-0.998077,0,-0.574175,-0.81872,0,0.740104,-0.672475,0.757622,0.0318,-0.651875,0.568194,-0.54207,-0.619098,0.580584,0.702139,-0.412183,0.999939,-0.002869,-0.00998,0.727134,-0.674306,-0.128605,0.818567,0.568072,0.084964,0.800562,-0.123875,0.586291,0.524766,-0.687246,0.502243,0.603015,0.54326,0.584124,0,-0.098666,0.995117,0,-0.692099,0.721793,0,0.534532,0.845119,-0.800562,-0.123875,0.586291,-0.524766,-0.687246,0.502243,-0.603015,0.54326,0.584124,0,-0.97882,-0.204657,0,0.990722,0.135777],
			
			"skinIndices"  : [0,1,0,1,0,1,1,0,1,0,1,0,1,-1,0,1,0,1,0,1,1,0,1,0,1,0,1,-1,0,1,0,1,0,1,1,0,1,0,1,0,1,-1,0,-1,0,1,0,1,0,1,1,0,1,0,1,0,1,-1,0,1,0,1,0,1,1,0,1,0,1,0,1,-1,1,-1,0,1,0,1,0,1,1,0,1,0,1,0,1,-1,0,1,0,1,0,1,1,0,1,0,1,0,1,-1,0,1,0,1,0,1,1,0,1,0,1,0,1,-1,2,-1,2,-1,2,-1,2,-1,2,-1,2,-1,2,-1,2,-1,2,-1,2,-1,2,-1,2,-1,2,-1,2,-1,2,-1,2,-1,2,-1,2,-1,2,-1,2,-1,2,-1,2,-1,2,-1,2,-1,2,-1,2,-1],