	{

		"metadata": {
			"formatVersion" : 3.1,
			"generatedBy"   : "Blender 2.7 Exporter",
			"vertices"      : 32,
			"faces"         : 36,
			"normals"       : 24,
			"colors"        : 0,
			"uvs"           : [24],
			"materials"     : 1,
			"morphTargets"  : 0,
			"bones"         : 0
		},

			"scale" : 1.000000,
			
			"vertices" : [0,-1,-1,0,1,-1,0.707107,-1,-0.707107,0.707107,1,-0.707107,1,-1,8.74228e-08,1,1,0,0.707107,-1,0.707107,0.707107,1,0.707107,-8.74228e-08,-1,1,-8.74228e-08,1,1,-0.707107,-1,0.707107,-0.707107,1,0.707107,-1,-1,3.17865e-08,-1,1,-5.56363e-08,-0.707107,-1,-0.707107,-0.707107,1,-0.707107,-2.8289e-09,1,-0.620312,0.438627,1,-0.438627,0.620312,1,-1.94256e-08,0.438627,1,0.438627,-5.70583e-08,1,0.620312,-0.438627,1,0.438627,-0.620312,1,-5.39374e-08,-0.438627,1,-0.438627,-2.8289e-09,-0.663453,-0.620312,0.438627,-0.663453,-0.438627,0.620312,-0.663453,5.32862e-08,0.438627,-0.663453,0.438627,-5.70583e-08,-0.663453,0.620312,-0.438627,-0.663453,0.438627,-0.620312,-0.663453,1.87744e-08,-0.438627,-0.663453,-0.438627],
			"faces"    : [43,0,1,3,2,0,0,1,2,3,0,1,2,3,43,2,3,5,4,0,0,1,2,3,3,2,4,5,43,4,5,7,6,0,0,1,2,3,5,4,6,7,43,6,7,9,8,0,0,1,2,3,7,6,8,9,43,8,9,11,10,0,0,1,2,3,9,8,10,11,43,10,11,13,12,0,0,1,2,3,11,10,12,13,43,1,15,23,16,0,4,5,6,7,1,14,15,16,43,1,0,14,15,0,2,3,0,1,1,0,17,14,43,12,13,15,14,0,0,1,2,3,13,12,14,17,42,0,12,14,0,8,9,10,0,13,17,42,8,10,12,0,11,12,9,9,11,13,42,4,6,8,0,13,14,11,5,7,9,42,0,2,4,0,8,15,13,0,3,5,42,0,8,12,0,8,11,9,0,9,13,42,0,4,8,0,8,13,11,0,5,9,43,16,23,31,24,0,16,17,18,19,16,15,6,8,43,15,13,22,23,0,20,21,22,23,14,12,18,15,43,13,11,21,22,0,4,5,6,7,12,10,19,18,43,11,9,20,21,0,4,5,6,7,10,8,20,19,43,9,7,19,20,0,4,5,6,7,8,6,21,20,43,7,5,18,19,0,20,21,22,23,6,4,22,21,43,5,3,17,18,0,4,5,6,7,4,2,23,22,43,3,1,16,17,0,4,5,6,7,2,1,16,23,42,25,27,26,0,11,13,14,10,14,12,42,29,28,27,0,8,15,13,2,1,14,42,31,30,29,0,9,10,8,6,4,2,42,25,24,31,0,11,12,9,10,8,6,42,25,29,27,0,11,8,13,10,2,14,42,25,31,29,0,11,9,8,10,6,2,43,23,22,30,31,0,16,17,18,19,15,18,4,6,43,22,21,29,30,0,16,17,18,19,18,19,2,4,43,21,20,28,29,0,16,17,18,19,19,20,1,2,43,20,19,27,28,0,16,17,18,19,20,21,14,1,43,19,18,26,27,0,16,17,18,19,21,22,12,14,43,18,17,25,26,0,16,17,18,19,22,23,10,12,43,17,16,24,25,0,16,17,18,19,23,16,8,10],
			"uvs"      : [[0.860435,0.007833,0.860435,0.786052,0.562624,0.786052,0.562624,0.007833,0.416145,0.974721,0.017261,0.974721,0.092987,0.791903,0.34042,0.791903,0.155197,0.038651,0.016625,0.373194,0.016625,0.177223,0.351169,0.511767,0.155198,0.511767,0.489741,0.177224,0.489741,0.373194,0.351169,0.038651,0.97772,0.822456,0.97772,0.973309,0.449173,0.973309,0.449173,0.822457,0.008714,0.568134,0.407598,0.568134,0.331872,0.750952,0.084439,0.750952]],
			"normals"  : [0,-0.630238,-0.77636,0,0.630238,-0.77636,0.548967,0.630238,-0.548967,0.548967,-0.630238,-0.548967,0.77636,0.630238,0,0.77636,-0.630238,0,0.548967,0.630238,0.548967,0.548967,-0.630238,0.548967,0,0.630238,0.77636,0,-0.630238,0.77636,-0.548967,0.630238,0.548967,-0.548967,-0.630238,0.548967,-0.77636,0.630238,0,-0.77636,-0.630238,0,-0.548967,0.630238,-0.548967,0.42027,0.804163,0.42027,0,0.804163,0.594348,-0.548967,-0.630238,-0.548967,0.594348,0.804163,0,0.42027,0.804163,-0.42027,0,0.804163,-0.594348,-0.42027,0.804163,-0.42027,-0.594348,0.804163,0,-0.42027,0.804163,0.42027],
			
			"skinIndices"  : [],
			"skinWeights"  : [],
			"morphTargets" : [],
			
			"bones"      : [],
			"animations" : [],
			
			"colors"    : [],
			"materials" : [
				{
					"DbgColor": 15658734,
					"DbgIndex": 0,
					"DbgName": "default",
					"vertexColors": false,
					
    			"colorDiffuse" : [0.7257574200630188, 0.7257574200630188, 0.7257574200630188],
    			"colorSpecular" : [0.0, 0.0, 0.0]
				}
			]


	}
